{
  "project_info": {
    "project_number": "720101278386",
    "firebase_url": "https://uber-b8a17.firebaseio.com",
    "project_id": "uber-b8a17",
    "storage_bucket": "uber-b8a17.appspot.com"
  },
  "client": [
    {
      "client_info": {
        "mobilesdk_app_id": "1:720101278386:android:307351c64e368d98263fab",
        "android_client_info": {
          "package_name": "com.santosenoque.cabdriver"
        }
      },
      "oauth_client": [
        {
          "client_id": "720101278386-vl1jlfa0muo206hcvlkkelgoen102fon.apps.googleusercontent.com",
          "client_type": 3
        }
      ],
      "api_key": [
        {
          "current_key": "AIzaSyCLt_mjoRTVTD9EbWZS5m09-5Vgtx5OFks"
        }
      ],
      "services": {
        "appinvite_service": {
          "other_platform_oauth_client": [
            {
              "client_id": "720101278386-vl1jlfa0muo206hcvlkkelgoen102fon.apps.googleusercontent.com",
              "client_type": 3
            }
          ]
        }
      }
    },
    {
      "client_info": {
        "mobilesdk_app_id": "1:720101278386:android:2406547250160a62263fab",
        "android_client_info": {
          "package_name": "com.santosenoque.txapita"
        }
      },
      "oauth_client": [
        {
          "client_id": "720101278386-vl1jlfa0muo206hcvlkkelgoen102fon.apps.googleusercontent.com",
          "client_type": 3
        }
      ],
      "api_key": [
        {
          "current_key": "AIzaSyCLt_mjoRTVTD9EbWZS5m09-5Vgtx5OFks"
        }
      ],
      "services": {
        "appinvite_service": {
          "other_platform_oauth_client": [
            {
              "client_id": "720101278386-vl1jlfa0muo206hcvlkkelgoen102fon.apps.googleusercontent.com",
              "client_type": 3
            }
          ]
        }
      }
    },
    {
      "client_info": {
        "mobilesdk_app_id": "1:720101278386:android:c9a4a2e130884176263fab",
        "android_client_info": {
          "package_name": "com.santosenoque.uberapp"
        }
      },
      "oauth_client": [
        {
          "client_id": "720101278386-vl1jlfa0muo206hcvlkkelgoen102fon.apps.googleusercontent.com",
          "client_type": 3
        }
      ],
      "api_key": [
        {
          "current_key": "AIzaSyCLt_mjoRTVTD9EbWZS5m09-5Vgtx5OFks"
        }
      ],
      "services": {
        "appinvite_service": {
          "other_platform_oauth_client": [
            {
              "client_id": "720101278386-vl1jlfa0muo206hcvlkkelgoen102fon.apps.googleusercontent.com",
              "client_type": 3
            }
          ]
        }
      }
    }
  ],
  "configuration_version": "1"
}